{
  "project_info": {
    "project_number": "632831495193",
    "project_id": "habittracker-b0195",
    "storage_bucket": "habittracker-b0195.firebasestorage.app"
  },
  "client": [
    {
      "client_info": {
        "mobilesdk_app_id": "1:632831495193:android:2b2cb7b9e6dd410791ae88",
        "android_client_info": {
          "package_name": "com.example.habittrack"
        }
      },
      "oauth_client": [],
      "api_key": [
        {
          "current_key": "AIzaSyDBTXIx8lDo9K1unbZP3KJIxPKCw6-WTqE"
        }
      ],
      "services": {
        "appinvite_service": {
          "other_platform_oauth_client": []
        }
      }
    }
  ],
  "configuration_version": "1"
}